{"_id":"01","title":"如果小静想在朋友圈写日记，她最多可以写多长？","typecode":"01","typename":"单选","comments":"注释信息","options":[{"value":"1","code":"A","content":"2000字"},{"value":"0","code":"B","content":"100字"},{"value":"0","code":"C","content":"500字"},{"value":"0","code":"D","content":"1000字"}],"examid":"001001"}
{"_id":"02","title":"「对方正在输入中」最快出现在对方收到消息的多少秒后？","typecode":"01","typename":"单选","comments":"注释信息","options":[{"value":"1","code":"A","content":"10秒"},{"value":"0","code":"B","content":"5秒"},{"value":"0","code":"C","content":"20秒"},{"value":"0","code":"D","content":"60秒"}],"examid":"001001"}
{"_id":"03","title":"通常微信群聊达到多少人时，必须得到被邀请人的同意才能进群？","typecode":"01","typename":"单选","comments":"注释信息","options":[{"value":"0","code":"A","content":"100人"},{"value":"1","code":"B","content":"40人"},{"value":"0","code":"C","content":"200人"},{"value":"0","code":"D","content":"50人"}],"examid":"001001"}
{"_id":"04","title":"小红和好友聊天时对方未回复，急得她快速点击对方头像两下，会发生什么？","typecode":"01","typename":"单选","comments":"注释信息","options":[{"value":"0","code":"A","content":"获得对方的电话号码"},{"value":"0","code":"B","content":"进入对方个人资料页"},{"value":"1","code":"C","content":"对方头像会左右晃动两下"},{"value":"0","code":"D","content":"成功@对方"}],"examid":"001001"}
{"_id":"05","title":"群主小明被气出群聊，会自动由谁继承他的位置？","typecode":"01","typename":"单选","comments":"注释信息","options":[{"value":"0","code":"A","content":"管理员"},{"value":"0","code":"B","content":"群聊自动解散"},{"value":"1","code":"C","content":"第二个进群的人"},{"value":"0","code":"D","content":"群主好友"}],"examid":"001001"}
{"_id":"06","title":"世界上拥有第二多微信用户的国家是哪个？","typecode":"01","typename":"单选","comments":"注释信息","options":[{"value":"0","code":"A","content":"日本"},{"value":"0","code":"B","content":"印度"},{"value":"1","code":"C","content":"安道尔"},{"value":"0","code":"D","content":"美国"}],"examid":"001001"}
{"_id":"07","title":"小芳打开微信聊天发现语音消息无法播放，这条语音至少过了多久？","typecode":"01","typename":"单选","comments":"注释信息","options":[{"value":"0","code":"A","content":"5天"},{"value":"0","code":"B","content":"1天"},{"value":"0","code":"C","content":"2天"},{"value":"1","code":"D","content":"7天"}],"examid":"001001"}
{"_id":"08","title":"以下哪个不是微信的功能？","typecode":"01","typename":"单选","comments":"注释信息","options":[{"value":"1","code":"A","content":"找一找"},{"value":"0","code":"B","content":"扫一扫"},{"value":"0","code":"C","content":"看一看"},{"value":"0","code":"D","content":"摇一摇"}],"examid":"001001"}
{"_id":"09","title":"微信在哪一年上线","typecode":"01","typename":"单选","comments":"注释信息","options":[{"value":"0","code":"A","content":"2012年"},{"value":"1","code":"B","content":"2011年"},{"value":"0","code":"C","content":"2013年"},{"value":"0","code":"D","content":"2014年"}],"examid":"001001"}
{"_id":"10","title":"每个微信用户可以收藏多少个小程序？","typecode":"01","typename":"单选","comments":"注释信息","options":[{"value":"1","code":"A","content":"50个"},{"value":"0","code":"B","content":"100个"},{"value":"0","code":"C","content":"200个"},{"value":"0","code":"D","content":"500个"}],"examid":"001001"}
